Temporada,Preferencia,Presupuesto,Cantidad de personas,Lugar
Semana Santa,Pueblo Mágico,38436,5,"Comitán, Chiapas"
Semana Santa,Mar,33623,1,"Mérida, Yucatán"
Verano,Mar,17653,1,"Mérida, Yucatán"
Fiestas Patrias,Pueblo Mágico,38632,6,"Bernal, Querétaro"
Semana Santa,Mar,31433,5,"Tulum, Quintana Roo"
Fiestas Patrias,Ciudad,24012,3,"Mérida, Yucatán"
Verano,Ciudad,24698,3,"Tulum, Quintana Roo"
Verano,Mar,33781,4,"Cancún, Quintana Roo"
Fiestas Patrias,Ciudad,32213,4,"Tulum, Quintana Roo"
Navidad,Ciudad,18569,6,CDMX
Navidad,Pueblo Mágico,39953,6,"San Cristóbal, Chiapas"
Navidad,Ciudad,46697,6,Tijuana
Fin de año,Mar,33244,1,"Tulum, Quintana Roo"
Verano,Pueblo Mágico,24688,5,"Cholula, Puebla"
Fin de año,Mar,34566,5,"Cancún, Quintana Roo"
Semana Santa,Pueblo Mágico,34851,1,"San Cristóbal, Chiapas"
Navidad,Pueblo Mágico,37632,1,"Comitán, Chiapas"
Navidad,Pueblo Mágico,37674,3,"Bernal, Querétaro"
Fiestas Patrias,Ciudad,11577,2,"Mérida, Yucatán"
Verano,Ciudad,38147,6,"Tulum, Quintana Roo"
Fiestas Patrias,Mar,18060,1,"Cancún, Quintana Roo"
Semana Santa,Ciudad,9014,2,Tijuana
Fiestas Patrias,Pueblo Mágico,48568,5,"Comitán, Chiapas"
Semana Santa,Ciudad,13075,3,"Monterrey, Nuevo León"
Verano,Pueblo Mágico,15667,4,"Cholula, Puebla"
Navidad,Pueblo Mágico,30433,5,"Bernal, Querétaro"
Semana Santa,Mar,19338,5,"Tulum, Quintana Roo"
Fin de año,Ciudad,17182,1,"Mérida, Yucatán"
Semana Santa,Ciudad,9919,4,"Monterrey, Nuevo León"
Fiestas Patrias,Ciudad,30186,3,"Monterrey, Nuevo León"
Semana Santa,Mar,15863,4,"Mérida, Yucatán"
Semana Santa,Mar,13200,4,"Cancún, Quintana Roo"
Navidad,Pueblo Mágico,30764,2,"San Cristóbal, Chiapas"
Fiestas Patrias,Mar,36703,4,"Tulum, Quintana Roo"
Semana Santa,Mar,32286,5,"Mérida, Yucatán"
Navidad,Mar,30752,1,"Tulum, Quintana Roo"
Verano,Ciudad,14794,4,"Tulum, Quintana Roo"
Semana Santa,Pueblo Mágico,12107,3,"Cholula, Puebla"
Fin de año,Mar,19482,2,"Cancún, Quintana Roo"
Verano,Pueblo Mágico,43229,5,"Bernal, Querétaro"
Fiestas Patrias,Ciudad,31205,1,"Cancún, Quintana Roo"
Verano,Ciudad,23932,6,CDMX
Fin de año,Mar,8580,4,"Mérida, Yucatán"
Fin de año,Ciudad,49477,5,"Mérida, Yucatán"
Fin de año,Mar,9129,4,"Cancún, Quintana Roo"
Semana Santa,Pueblo Mágico,9191,3,"Cholula, Puebla"
Navidad,Pueblo Mágico,18082,5,"Cholula, Puebla"
Verano,Ciudad,16866,2,"Mérida, Yucatán"
Verano,Pueblo Mágico,31041,1,"San Cristóbal, Chiapas"
Fiestas Patrias,Ciudad,19580,1,"Guadalajara, Jalisco"
Fiestas Patrias,Mar,45744,6,"Tulum, Quintana Roo"
Semana Santa,Pueblo Mágico,25260,3,"Comitán, Chiapas"
Fiestas Patrias,Pueblo Mágico,23771,1,"Comitán, Chiapas"
Navidad,Pueblo Mágico,26380,2,"Cholula, Puebla"
Semana Santa,Pueblo Mágico,45304,6,"Bernal, Querétaro"
Fiestas Patrias,Mar,12909,3,"Cancún, Quintana Roo"
Fin de año,Ciudad,30769,5,"Tulum, Quintana Roo"
Fiestas Patrias,Pueblo Mágico,17508,2,"Cholula, Puebla"
Fiestas Patrias,Mar,46735,5,"Mérida, Yucatán"
Verano,Mar,47499,5,"Tulum, Quintana Roo"
Navidad,Mar,26705,3,"Tulum, Quintana Roo"
Navidad,Pueblo Mágico,18482,3,"Bernal, Querétaro"
Navidad,Ciudad,29147,1,CDMX
Navidad,Ciudad,28197,3,"Cancún, Quintana Roo"
Navidad,Mar,33919,3,"Cancún, Quintana Roo"
Fin de año,Mar,18006,1,"Cancún, Quintana Roo"
Navidad,Ciudad,16538,5,"Guadalajara, Jalisco"
Semana Santa,Mar,44759,5,"Mérida, Yucatán"
Semana Santa,Ciudad,37472,2,"Mérida, Yucatán"
Fin de año,Pueblo Mágico,25979,2,"Comitán, Chiapas"
Fiestas Patrias,Mar,14560,3,"Tulum, Quintana Roo"
Fin de año,Ciudad,29864,4,CDMX
Semana Santa,Mar,15417,2,"Mérida, Yucatán"
Navidad,Pueblo Mágico,16690,3,"Bernal, Querétaro"
Navidad,Mar,28564,5,"Cancún, Quintana Roo"
Verano,Pueblo Mágico,22442,1,"Comitán, Chiapas"
Fiestas Patrias,Ciudad,47167,5,Tijuana
Fin de año,Pueblo Mágico,20236,4,"San Cristóbal, Chiapas"
Verano,Ciudad,23577,4,CDMX
Navidad,Pueblo Mágico,49258,5,"San Cristóbal, Chiapas"
Navidad,Mar,42481,6,"Tulum, Quintana Roo"
Fiestas Patrias,Mar,18494,5,"Cancún, Quintana Roo"
Verano,Ciudad,30017,5,"Monterrey, Nuevo León"
Verano,Ciudad,34146,4,"Mérida, Yucatán"
Verano,Ciudad,32166,4,CDMX
Navidad,Pueblo Mágico,29893,3,"San Cristóbal, Chiapas"
Verano,Mar,10250,4,"Cancún, Quintana Roo"
Semana Santa,Ciudad,36149,4,Tijuana
Fiestas Patrias,Pueblo Mágico,25258,2,"San Cristóbal, Chiapas"
Navidad,Ciudad,31281,6,Tijuana
Navidad,Pueblo Mágico,18561,6,"Bernal, Querétaro"
Fin de año,Ciudad,34234,6,CDMX
Fiestas Patrias,Pueblo Mágico,23988,3,"Cholula, Puebla"
Fin de año,Mar,9033,1,"Cancún, Quintana Roo"
Verano,Mar,21415,4,"Cancún, Quintana Roo"
Fin de año,Ciudad,34695,5,"Mérida, Yucatán"
Semana Santa,Pueblo Mágico,33896,6,"Cholula, Puebla"
Semana Santa,Pueblo Mágico,23405,2,"Cholula, Puebla"
Verano,Pueblo Mágico,43546,6,"San Cristóbal, Chiapas"
Fin de año,Mar,19434,5,"Mérida, Yucatán"
Verano,Ciudad,14569,4,Tijuana
Semana Santa,Mar,18051,6,"Mérida, Yucatán"
Fin de año,Ciudad,16996,5,"Mérida, Yucatán"
Fiestas Patrias,Ciudad,30745,2,"Guadalajara, Jalisco"
Fiestas Patrias,Mar,12212,4,"Mérida, Yucatán"
Semana Santa,Pueblo Mágico,8152,3,"Bernal, Querétaro"
Navidad,Mar,39453,3,"Cancún, Quintana Roo"
Navidad,Mar,27879,4,"Mérida, Yucatán"
Semana Santa,Ciudad,12407,3,"Cancún, Quintana Roo"
Semana Santa,Pueblo Mágico,28293,1,"Comitán, Chiapas"
Verano,Pueblo Mágico,28742,3,"Comitán, Chiapas"
Fin de año,Pueblo Mágico,48500,5,"Comitán, Chiapas"
Fiestas Patrias,Ciudad,32835,1,CDMX
Fiestas Patrias,Ciudad,14894,3,"Cancún, Quintana Roo"
Navidad,Ciudad,24226,1,CDMX
Fin de año,Ciudad,12107,2,CDMX
Semana Santa,Pueblo Mágico,35960,6,"Bernal, Querétaro"
Fiestas Patrias,Mar,12752,1,"Cancún, Quintana Roo"
Verano,Pueblo Mágico,33914,1,"San Cristóbal, Chiapas"
Semana Santa,Ciudad,25248,5,"Guadalajara, Jalisco"
Navidad,Pueblo Mágico,34794,1,"Comitán, Chiapas"
Fiestas Patrias,Ciudad,24919,5,CDMX
Semana Santa,Mar,14897,3,"Mérida, Yucatán"
Fiestas Patrias,Ciudad,27421,3,Tijuana
Fin de año,Ciudad,33273,3,CDMX
Navidad,Ciudad,35288,4,"Guadalajara, Jalisco"
Fin de año,Ciudad,25678,1,Tijuana
Fiestas Patrias,Pueblo Mágico,19720,1,"San Cristóbal, Chiapas"
Semana Santa,Pueblo Mágico,16714,3,"Bernal, Querétaro"
Fin de año,Ciudad,21870,1,"Cancún, Quintana Roo"
Fiestas Patrias,Ciudad,29293,6,Tijuana
Navidad,Ciudad,34919,6,"Monterrey, Nuevo León"
Fin de año,Ciudad,39067,6,CDMX
Navidad,Ciudad,11407,2,"Guadalajara, Jalisco"
Fiestas Patrias,Pueblo Mágico,34720,1,"Comitán, Chiapas"
Navidad,Mar,32653,4,"Cancún, Quintana Roo"
Navidad,Ciudad,12511,3,"Cancún, Quintana Roo"
Semana Santa,Pueblo Mágico,18462,1,"Bernal, Querétaro"
Verano,Pueblo Mágico,19333,6,"Comitán, Chiapas"
Verano,Ciudad,28242,3,CDMX
Fiestas Patrias,Pueblo Mágico,10217,4,"Comitán, Chiapas"
Navidad,Pueblo Mágico,19044,2,"Comitán, Chiapas"
Fiestas Patrias,Mar,28677,5,"Mérida, Yucatán"
Fin de año,Pueblo Mágico,12146,3,"San Cristóbal, Chiapas"
Navidad,Mar,26078,1,"Tulum, Quintana Roo"
Semana Santa,Pueblo Mágico,17243,3,"San Cristóbal, Chiapas"
Verano,Mar,12216,3,"Cancún, Quintana Roo"
Fiestas Patrias,Pueblo Mágico,25969,6,"Cholula, Puebla"
Fiestas Patrias,Mar,27011,6,"Tulum, Quintana Roo"
Fin de año,Pueblo Mágico,30020,5,"Bernal, Querétaro"
Verano,Ciudad,32695,6,"Monterrey, Nuevo León"
Navidad,Ciudad,32609,4,"Mérida, Yucatán"
Fin de año,Pueblo Mágico,37985,5,"Bernal, Querétaro"
Fiestas Patrias,Ciudad,19713,6,"Mérida, Yucatán"
Verano,Pueblo Mágico,10015,3,"Bernal, Querétaro"
Fin de año,Ciudad,26520,5,"Guadalajara, Jalisco"
Semana Santa,Mar,37211,3,"Mérida, Yucatán"
Fin de año,Ciudad,13586,3,"Mérida, Yucatán"
Semana Santa,Pueblo Mágico,20002,6,"Cholula, Puebla"
Navidad,Pueblo Mágico,34406,2,"San Cristóbal, Chiapas"
Semana Santa,Ciudad,49374,5,Tijuana
Fin de año,Mar,44477,5,"Cancún, Quintana Roo"
Semana Santa,Mar,38926,2,"Tulum, Quintana Roo"
Verano,Ciudad,19651,1,"Mérida, Yucatán"
Navidad,Pueblo Mágico,19432,2,"Cholula, Puebla"
Fiestas Patrias,Ciudad,36531,3,"Tulum, Quintana Roo"
Navidad,Ciudad,31914,1,"Guadalajara, Jalisco"
Fin de año,Ciudad,24780,4,"Guadalajara, Jalisco"
Fin de año,Ciudad,36894,4,"Cancún, Quintana Roo"
Fin de año,Mar,24485,2,"Cancún, Quintana Roo"
Verano,Pueblo Mágico,16302,5,"Comitán, Chiapas"
Verano,Pueblo Mágico,25985,1,"Bernal, Querétaro"
Fin de año,Mar,38004,2,"Tulum, Quintana Roo"
Verano,Mar,10823,2,"Cancún, Quintana Roo"
Semana Santa,Mar,26755,6,"Mérida, Yucatán"
Verano,Pueblo Mágico,16650,6,"San Cristóbal, Chiapas"
Fiestas Patrias,Mar,48281,5,"Cancún, Quintana Roo"
Semana Santa,Pueblo Mágico,29244,6,"Cholula, Puebla"
Verano,Mar,8389,3,"Cancún, Quintana Roo"
Fin de año,Ciudad,34034,5,"Cancún, Quintana Roo"
Semana Santa,Mar,26717,3,"Cancún, Quintana Roo"
Fin de año,Mar,16372,2,"Mérida, Yucatán"
Navidad,Mar,28501,4,"Mérida, Yucatán"
Semana Santa,Pueblo Mágico,18263,5,"Cholula, Puebla"
Verano,Mar,16559,5,"Tulum, Quintana Roo"
Verano,Pueblo Mágico,25550,3,"Comitán, Chiapas"
Semana Santa,Ciudad,31595,3,Tijuana
Verano,Ciudad,39866,5,"Cancún, Quintana Roo"
Fin de año,Mar,30496,4,"Cancún, Quintana Roo"
Fiestas Patrias,Mar,23497,3,"Mérida, Yucatán"
Fiestas Patrias,Mar,24382,2,"Tulum, Quintana Roo"
Verano,Ciudad,23783,1,"Mérida, Yucatán"
Semana Santa,Mar,16660,1,"Tulum, Quintana Roo"
Fiestas Patrias,Mar,31595,3,"Mérida, Yucatán"
Semana Santa,Ciudad,30431,2,CDMX
Fin de año,Mar,30520,6,"Mérida, Yucatán"
Fin de año,Ciudad,30284,2,"Cancún, Quintana Roo"
Semana Santa,Ciudad,10191,1,Tijuana
Semana Santa,Ciudad,18308,3,"Cancún, Quintana Roo"
Navidad,Pueblo Mágico,23754,6,"Comitán, Chiapas"
Fiestas Patrias,Mar,49191,5,"Cancún, Quintana Roo"
Fin de año,Ciudad,19679,3,"Mérida, Yucatán"
Fiestas Patrias,Pueblo Mágico,34589,6,"Bernal, Querétaro"
Verano,Mar,21668,2,"Mérida, Yucatán"
Verano,Pueblo Mágico,34428,4,"Bernal, Querétaro"
Fin de año,Ciudad,41672,6,CDMX
Semana Santa,Mar,36556,5,"Tulum, Quintana Roo"
Fiestas Patrias,Mar,41594,5,"Mérida, Yucatán"
Fin de año,Ciudad,17247,1,"Guadalajara, Jalisco"
Fiestas Patrias,Mar,33936,6,"Tulum, Quintana Roo"
Verano,Pueblo Mágico,35799,3,"Cholula, Puebla"
Fiestas Patrias,Mar,22217,2,"Cancún, Quintana Roo"
Semana Santa,Pueblo Mágico,15806,4,"Bernal, Querétaro"
Fin de año,Ciudad,20278,4,CDMX
Semana Santa,Pueblo Mágico,27254,2,"Cholula, Puebla"
Fiestas Patrias,Mar,14229,2,"Cancún, Quintana Roo"
Navidad,Pueblo Mágico,48700,5,"Bernal, Querétaro"
Semana Santa,Pueblo Mágico,15719,1,"Comitán, Chiapas"
Verano,Pueblo Mágico,37209,5,"Comitán, Chiapas"
Verano,Mar,39162,5,"Mérida, Yucatán"
Fiestas Patrias,Mar,24280,2,"Cancún, Quintana Roo"
Verano,Ciudad,37190,2,"Tulum, Quintana Roo"
Verano,Ciudad,10741,1,CDMX
Semana Santa,Ciudad,12642,2,"Tulum, Quintana Roo"
Verano,Mar,15030,3,"Mérida, Yucatán"
Verano,Pueblo Mágico,34310,5,"Comitán, Chiapas"
Fin de año,Ciudad,17419,2,CDMX
Fin de año,Mar,13429,1,"Mérida, Yucatán"
Fiestas Patrias,Mar,16840,6,"Cancún, Quintana Roo"
Verano,Pueblo Mágico,36583,5,"Cholula, Puebla"
Semana Santa,Pueblo Mágico,29493,5,"Bernal, Querétaro"
Fin de año,Pueblo Mágico,35887,5,"San Cristóbal, Chiapas"
Fin de año,Pueblo Mágico,36772,1,"Cholula, Puebla"
Fin de año,Mar,19644,4,"Cancún, Quintana Roo"
Navidad,Mar,35029,1,"Mérida, Yucatán"
Fiestas Patrias,Ciudad,39065,2,CDMX
Semana Santa,Pueblo Mágico,36009,1,"Cholula, Puebla"
Semana Santa,Ciudad,35431,3,CDMX
Verano,Mar,22956,2,"Mérida, Yucatán"
Fiestas Patrias,Pueblo Mágico,29075,3,"Comitán, Chiapas"
Fin de año,Pueblo Mágico,24029,1,"Cholula, Puebla"
Verano,Mar,47673,5,"Cancún, Quintana Roo"
Fin de año,Ciudad,27117,3,Tijuana
Navidad,Ciudad,23497,5,"Cancún, Quintana Roo"
Fiestas Patrias,Pueblo Mágico,16780,2,"Cholula, Puebla"
Navidad,Pueblo Mágico,32810,2,"Bernal, Querétaro"
Semana Santa,Pueblo Mágico,19662,2,"Comitán, Chiapas"
Semana Santa,Pueblo Mágico,11181,1,"San Cristóbal, Chiapas"
Semana Santa,Pueblo Mágico,8102,1,"Cholula, Puebla"
Verano,Pueblo Mágico,8517,2,"Cholula, Puebla"
Fin de año,Mar,36565,3,"Cancún, Quintana Roo"
Fiestas Patrias,Mar,13434,3,"Cancún, Quintana Roo"
Verano,Mar,22389,6,"Tulum, Quintana Roo"
Verano,Ciudad,10075,4,"Monterrey, Nuevo León"
Navidad,Ciudad,18145,5,Tijuana
Verano,Mar,22042,1,"Tulum, Quintana Roo"
Verano,Mar,26821,1,"Tulum, Quintana Roo"
Verano,Pueblo Mágico,20077,6,"Bernal, Querétaro"
Semana Santa,Pueblo Mágico,17385,6,"Bernal, Querétaro"
Navidad,Pueblo Mágico,24884,4,"San Cristóbal, Chiapas"
Fin de año,Pueblo Mágico,35891,1,"Bernal, Querétaro"
Semana Santa,Ciudad,35315,4,"Cancún, Quintana Roo"
Verano,Mar,22447,6,"Cancún, Quintana Roo"
Fin de año,Ciudad,22739,3,"Monterrey, Nuevo León"
Fiestas Patrias,Ciudad,22765,6,CDMX
Fin de año,Mar,8271,3,"Tulum, Quintana Roo"
Fin de año,Ciudad,39075,6,"Guadalajara, Jalisco"
Semana Santa,Ciudad,17194,1,"Cancún, Quintana Roo"
Semana Santa,Mar,36489,3,"Mérida, Yucatán"
Fiestas Patrias,Pueblo Mágico,31152,5,"Bernal, Querétaro"
Fin de año,Pueblo Mágico,28456,4,"Comitán, Chiapas"
Semana Santa,Mar,36867,3,"Cancún, Quintana Roo"
Fiestas Patrias,Mar,22752,6,"Cancún, Quintana Roo"
Semana Santa,Mar,32659,6,"Tulum, Quintana Roo"
Navidad,Ciudad,36779,2,"Mérida, Yucatán"
Fin de año,Ciudad,29273,3,"Cancún, Quintana Roo"
Semana Santa,Ciudad,13639,2,"Guadalajara, Jalisco"
Fiestas Patrias,Mar,19735,2,"Mérida, Yucatán"
Fin de año,Ciudad,19344,1,"Mérida, Yucatán"
Semana Santa,Ciudad,30352,5,"Monterrey, Nuevo León"
Verano,Mar,19015,5,"Tulum, Quintana Roo"
Navidad,Ciudad,29626,3,"Monterrey, Nuevo León"
Fiestas Patrias,Ciudad,37437,1,"Monterrey, Nuevo León"
Semana Santa,Pueblo Mágico,15192,5,"Bernal, Querétaro"
Fiestas Patrias,Pueblo Mágico,29587,6,"Bernal, Querétaro"
Fiestas Patrias,Pueblo Mágico,14330,3,"San Cristóbal, Chiapas"
Verano,Pueblo Mágico,26256,1,"Cholula, Puebla"
Fiestas Patrias,Mar,19075,4,"Tulum, Quintana Roo"
Verano,Mar,35312,5,"Cancún, Quintana Roo"
Semana Santa,Pueblo Mágico,33805,5,"Cholula, Puebla"
Fin de año,Mar,19604,6,"Mérida, Yucatán"
Fiestas Patrias,Ciudad,19927,3,"Tulum, Quintana Roo"
Verano,Ciudad,27813,5,CDMX
Fin de año,Mar,21403,3,"Mérida, Yucatán"
Navidad,Pueblo Mágico,9044,3,"Bernal, Querétaro"
Verano,Pueblo Mágico,44647,6,"Bernal, Querétaro"
Fin de año,Mar,43860,6,"Tulum, Quintana Roo"
Fin de año,Pueblo Mágico,27042,2,"Bernal, Querétaro"
Verano,Pueblo Mágico,10467,3,"San Cristóbal, Chiapas"
Verano,Pueblo Mágico,24835,4,"Cholula, Puebla"
Fin de año,Pueblo Mágico,35520,5,"Bernal, Querétaro"
Fin de año,Ciudad,35177,3,"Mérida, Yucatán"
Fiestas Patrias,Pueblo Mágico,37749,5,"Bernal, Querétaro"
Verano,Pueblo Mágico,23066,1,"Comitán, Chiapas"
Navidad,Ciudad,19639,5,"Guadalajara, Jalisco"
Semana Santa,Mar,34392,4,"Cancún, Quintana Roo"
Fiestas Patrias,Mar,36545,5,"Cancún, Quintana Roo"
Navidad,Ciudad,29600,4,"Guadalajara, Jalisco"
Fin de año,Ciudad,30221,3,"Mérida, Yucatán"
Fin de año,Pueblo Mágico,24179,5,"Bernal, Querétaro"
Navidad,Pueblo Mágico,16044,5,"Cholula, Puebla"
Semana Santa,Mar,21754,4,"Mérida, Yucatán"
Fin de año,Ciudad,24164,2,Tijuana
Verano,Ciudad,31254,2,"Monterrey, Nuevo León"
Navidad,Mar,33405,2,"Mérida, Yucatán"
Semana Santa,Pueblo Mágico,22493,2,"San Cristóbal, Chiapas"
Fiestas Patrias,Pueblo Mágico,26941,2,"San Cristóbal, Chiapas"
Verano,Mar,29086,1,"Cancún, Quintana Roo"
Semana Santa,Ciudad,36695,5,"Monterrey, Nuevo León"
Semana Santa,Pueblo Mágico,24436,6,"Cholula, Puebla"
Verano,Ciudad,25332,1,"Monterrey, Nuevo León"
Verano,Mar,38570,4,"Tulum, Quintana Roo"
Fiestas Patrias,Ciudad,16533,1,"Monterrey, Nuevo León"
Fiestas Patrias,Pueblo Mágico,29778,1,"Bernal, Querétaro"
Fin de año,Mar,28591,1,"Tulum, Quintana Roo"
Semana Santa,Mar,28880,6,"Tulum, Quintana Roo"
Navidad,Mar,30015,6,"Cancún, Quintana Roo"
Fin de año,Pueblo Mágico,26512,5,"San Cristóbal, Chiapas"
Verano,Mar,30148,6,"Cancún, Quintana Roo"
Navidad,Ciudad,24698,5,"Cancún, Quintana Roo"
Semana Santa,Pueblo Mágico,35418,4,"Comitán, Chiapas"
Navidad,Pueblo Mágico,27329,6,"Comitán, Chiapas"
Navidad,Ciudad,34071,5,"Mérida, Yucatán"
Verano,Ciudad,23504,5,"Cancún, Quintana Roo"
Fiestas Patrias,Mar,48786,5,"Cancún, Quintana Roo"
Verano,Mar,21121,4,"Tulum, Quintana Roo"
Fiestas Patrias,Mar,20450,6,"Cancún, Quintana Roo"
Semana Santa,Mar,32323,5,"Tulum, Quintana Roo"
Navidad,Mar,34186,4,"Mérida, Yucatán"
Navidad,Ciudad,29766,1,"Cancún, Quintana Roo"
Fiestas Patrias,Pueblo Mágico,20254,1,"Comitán, Chiapas"
Semana Santa,Mar,31428,1,"Cancún, Quintana Roo"
Navidad,Mar,36403,1,"Cancún, Quintana Roo"
Fin de año,Mar,15531,3,"Mérida, Yucatán"
Fin de año,Mar,21815,2,"Mérida, Yucatán"
Semana Santa,Pueblo Mágico,10673,3,"Cholula, Puebla"
Fin de año,Mar,9442,1,"Mérida, Yucatán"
Navidad,Pueblo Mágico,38784,2,"San Cristóbal, Chiapas"
Fiestas Patrias,Mar,20979,4,"Cancún, Quintana Roo"
Semana Santa,Ciudad,28993,6,CDMX
Verano,Pueblo Mágico,25787,5,"Comitán, Chiapas"
Semana Santa,Ciudad,20639,1,"Tulum, Quintana Roo"
Verano,Mar,21055,4,"Tulum, Quintana Roo"
Semana Santa,Pueblo Mágico,16891,2,"Comitán, Chiapas"
Fin de año,Ciudad,14602,1,"Mérida, Yucatán"
Fiestas Patrias,Ciudad,19431,3,"Monterrey, Nuevo León"
Verano,Pueblo Mágico,20750,3,"Bernal, Querétaro"
Semana Santa,Ciudad,32557,1,Tijuana
Semana Santa,Pueblo Mágico,27440,5,"Bernal, Querétaro"
Semana Santa,Pueblo Mágico,12994,4,"Cholula, Puebla"
Navidad,Mar,11125,1,"Cancún, Quintana Roo"
Navidad,Ciudad,24281,6,CDMX
Fiestas Patrias,Pueblo Mágico,27650,3,"Cholula, Puebla"
Semana Santa,Ciudad,38420,1,"Mérida, Yucatán"
Verano,Mar,21078,4,"Mérida, Yucatán"
Verano,Ciudad,17399,1,Tijuana
Fiestas Patrias,Pueblo Mágico,20060,2,"Comitán, Chiapas"
Semana Santa,Pueblo Mágico,34479,6,"Comitán, Chiapas"
Navidad,Pueblo Mágico,13717,3,"San Cristóbal, Chiapas"
Semana Santa,Pueblo Mágico,25071,2,"Cholula, Puebla"
Verano,Mar,32933,4,"Cancún, Quintana Roo"
Fin de año,Pueblo Mágico,26681,4,"Comitán, Chiapas"
Fiestas Patrias,Mar,12133,4,"Tulum, Quintana Roo"
Semana Santa,Pueblo Mágico,34009,3,"Bernal, Querétaro"
Navidad,Pueblo Mágico,26931,2,"Bernal, Querétaro"
Semana Santa,Ciudad,11429,1,"Monterrey, Nuevo León"
Semana Santa,Pueblo Mágico,41601,5,"San Cristóbal, Chiapas"
Fin de año,Ciudad,23476,5,CDMX
Fiestas Patrias,Ciudad,20383,5,"Tulum, Quintana Roo"
Fiestas Patrias,Mar,10969,2,"Tulum, Quintana Roo"
Fiestas Patrias,Mar,38325,3,"Cancún, Quintana Roo"
Navidad,Ciudad,33709,6,"Guadalajara, Jalisco"
Verano,Ciudad,35737,5,"Cancún, Quintana Roo"
Navidad,Mar,10586,2,"Mérida, Yucatán"
Semana Santa,Pueblo Mágico,30339,3,"Bernal, Querétaro"
Fin de año,Ciudad,21883,5,"Mérida, Yucatán"
Navidad,Mar,43657,6,"Cancún, Quintana Roo"
Semana Santa,Pueblo Mágico,32708,3,"San Cristóbal, Chiapas"
Fiestas Patrias,Mar,45799,6,"Cancún, Quintana Roo"
Fin de año,Pueblo Mágico,14317,5,"Bernal, Querétaro"
Fiestas Patrias,Mar,18803,6,"Tulum, Quintana Roo"
Fiestas Patrias,Mar,34856,1,"Mérida, Yucatán"
Fiestas Patrias,Ciudad,43918,6,"Tulum, Quintana Roo"
Navidad,Mar,18576,2,"Tulum, Quintana Roo"
Fiestas Patrias,Ciudad,34701,1,"Mérida, Yucatán"
Semana Santa,Mar,47043,6,"Tulum, Quintana Roo"
Verano,Pueblo Mágico,38644,4,"Comitán, Chiapas"
Fin de año,Ciudad,39424,6,CDMX
Fiestas Patrias,Pueblo Mágico,41734,6,"Comitán, Chiapas"
Fiestas Patrias,Mar,17814,1,"Cancún, Quintana Roo"
Navidad,Mar,8120,2,"Mérida, Yucatán"
Fin de año,Ciudad,20037,6,Tijuana
Semana Santa,Pueblo Mágico,27944,3,"Cholula, Puebla"
Navidad,Pueblo Mágico,31008,1,"Comitán, Chiapas"
Fiestas Patrias,Ciudad,47381,5,CDMX
Semana Santa,Ciudad,27257,4,"Mérida, Yucatán"
Semana Santa,Ciudad,10625,2,"Monterrey, Nuevo León"
Verano,Mar,36070,2,"Tulum, Quintana Roo"
Fin de año,Pueblo Mágico,13936,2,"Comitán, Chiapas"
Verano,Ciudad,36484,3,"Cancún, Quintana Roo"
Semana Santa,Mar,35337,6,"Mérida, Yucatán"
Verano,Pueblo Mágico,33992,5,"Bernal, Querétaro"
Semana Santa,Pueblo Mágico,28896,3,"Cholula, Puebla"
Semana Santa,Ciudad,28165,5,CDMX
Fiestas Patrias,Mar,13798,4,"Tulum, Quintana Roo"
Fin de año,Pueblo Mágico,34813,1,"Bernal, Querétaro"
Semana Santa,Pueblo Mágico,37769,2,"Comitán, Chiapas"
Verano,Ciudad,25357,6,"Monterrey, Nuevo León"
Navidad,Mar,23790,1,"Tulum, Quintana Roo"
Fin de año,Mar,17220,4,"Cancún, Quintana Roo"
Semana Santa,Ciudad,34064,1,"Tulum, Quintana Roo"
Fin de año,Ciudad,34132,6,"Tulum, Quintana Roo"
Verano,Pueblo Mágico,39469,3,"Bernal, Querétaro"
Navidad,Ciudad,13644,4,CDMX
Navidad,Mar,16054,4,"Tulum, Quintana Roo"
Fiestas Patrias,Mar,43515,6,"Mérida, Yucatán"
Verano,Mar,18265,3,"Mérida, Yucatán"
Semana Santa,Pueblo Mágico,47280,6,"Comitán, Chiapas"
Semana Santa,Pueblo Mágico,14381,3,"Comitán, Chiapas"
Fiestas Patrias,Pueblo Mágico,30582,3,"Comitán, Chiapas"
Semana Santa,Ciudad,16680,5,CDMX
Semana Santa,Pueblo Mágico,27547,5,"Comitán, Chiapas"
Fin de año,Ciudad,16122,1,CDMX
Verano,Mar,12082,1,"Mérida, Yucatán"
Verano,Mar,19689,3,"Cancún, Quintana Roo"
Fin de año,Ciudad,45511,6,"Monterrey, Nuevo León"
Verano,Ciudad,22644,5,Tijuana
Fin de año,Ciudad,25852,4,"Guadalajara, Jalisco"
Verano,Pueblo Mágico,26330,3,"Comitán, Chiapas"
Fiestas Patrias,Mar,31822,5,"Cancún, Quintana Roo"
Navidad,Pueblo Mágico,10087,3,"Comitán, Chiapas"
Semana Santa,Ciudad,40078,6,"Guadalajara, Jalisco"
Fin de año,Pueblo Mágico,10263,4,"Bernal, Querétaro"
Semana Santa,Pueblo Mágico,38133,2,"Bernal, Querétaro"
Fin de año,Mar,34781,2,"Tulum, Quintana Roo"
Fiestas Patrias,Mar,26517,6,"Cancún, Quintana Roo"
Fin de año,Pueblo Mágico,19039,6,"Comitán, Chiapas"
Semana Santa,Mar,26177,5,"Tulum, Quintana Roo"
Semana Santa,Mar,38755,2,"Mérida, Yucatán"
Fiestas Patrias,Ciudad,21287,5,CDMX
Verano,Pueblo Mágico,18586,2,"Bernal, Querétaro"
Semana Santa,Pueblo Mágico,28307,2,"San Cristóbal, Chiapas"
Fin de año,Mar,37133,2,"Mérida, Yucatán"
Fin de año,Pueblo Mágico,42090,5,"Comitán, Chiapas"
Fin de año,Mar,36394,2,"Mérida, Yucatán"
Semana Santa,Ciudad,17964,1,"Guadalajara, Jalisco"
Fin de año,Pueblo Mágico,16705,5,"Cholula, Puebla"
Semana Santa,Pueblo Mágico,49844,6,"Cholula, Puebla"
Fin de año,Pueblo Mágico,34358,6,"San Cristóbal, Chiapas"
Navidad,Ciudad,27801,3,"Mérida, Yucatán"
Navidad,Pueblo Mágico,26482,2,"Comitán, Chiapas"
Verano,Pueblo Mágico,35568,1,"Cholula, Puebla"
Fin de año,Mar,30014,4,"Mérida, Yucatán"
Fin de año,Mar,26812,6,"Cancún, Quintana Roo"
Semana Santa,Pueblo Mágico,25460,3,"Comitán, Chiapas"
Navidad,Pueblo Mágico,11116,4,"Bernal, Querétaro"
Verano,Ciudad,38927,3,"Monterrey, Nuevo León"
Verano,Ciudad,15991,2,CDMX
Semana Santa,Ciudad,32728,6,"Mérida, Yucatán"
Semana Santa,Pueblo Mágico,22072,3,"Comitán, Chiapas"
Fin de año,Pueblo Mágico,20710,5,"Comitán, Chiapas"
Semana Santa,Mar,30081,4,"Cancún, Quintana Roo"
Semana Santa,Ciudad,46428,5,"Guadalajara, Jalisco"
Fiestas Patrias,Pueblo Mágico,20143,6,"San Cristóbal, Chiapas"
Semana Santa,Mar,8832,4,"Tulum, Quintana Roo"
Fiestas Patrias,Ciudad,39512,2,"Mérida, Yucatán"
Navidad,Pueblo Mágico,49745,5,"San Cristóbal, Chiapas"
Navidad,Ciudad,19025,5,CDMX
Verano,Ciudad,36451,1,"Monterrey, Nuevo León"
Semana Santa,Mar,19257,6,"Tulum, Quintana Roo"
Verano,Pueblo Mágico,39378,6,"Comitán, Chiapas"
Navidad,Ciudad,17470,5,CDMX
Semana Santa,Pueblo Mágico,34266,6,"Bernal, Querétaro"
Fiestas Patrias,Pueblo Mágico,30121,6,"San Cristóbal, Chiapas"
Navidad,Pueblo Mágico,17205,3,"Bernal, Querétaro"
Semana Santa,Pueblo Mágico,39326,2,"San Cristóbal, Chiapas"
Fin de año,Mar,25962,1,"Tulum, Quintana Roo"
Verano,Ciudad,36908,6,"Monterrey, Nuevo León"
Navidad,Pueblo Mágico,17004,3,"Cholula, Puebla"
Navidad,Mar,12302,3,"Tulum, Quintana Roo"
Navidad,Ciudad,13409,2,CDMX
Fin de año,Mar,26080,2,"Cancún, Quintana Roo"
Semana Santa,Ciudad,25419,4,"Mérida, Yucatán"
Verano,Ciudad,26465,5,"Guadalajara, Jalisco"
Verano,Pueblo Mágico,22761,3,"San Cristóbal, Chiapas"
Verano,Ciudad,39596,2,CDMX
Navidad,Mar,41311,6,"Mérida, Yucatán"
Navidad,Ciudad,15346,1,"Cancún, Quintana Roo"
Fin de año,Ciudad,14567,2,Tijuana
Verano,Pueblo Mágico,40149,5,"Cholula, Puebla"
Semana Santa,Mar,36317,1,"Tulum, Quintana Roo"
Navidad,Pueblo Mágico,47250,6,"Bernal, Querétaro"
Verano,Ciudad,11949,4,"Tulum, Quintana Roo"
Navidad,Pueblo Mágico,36436,5,"San Cristóbal, Chiapas"
Fiestas Patrias,Pueblo Mágico,30699,6,"Bernal, Querétaro"
Semana Santa,Pueblo Mágico,41045,6,"Comitán, Chiapas"
Navidad,Ciudad,21503,6,"Cancún, Quintana Roo"
Semana Santa,Pueblo Mágico,11455,1,"San Cristóbal, Chiapas"
Verano,Mar,38350,4,"Mérida, Yucatán"
Fiestas Patrias,Mar,20560,3,"Mérida, Yucatán"
Fin de año,Ciudad,23189,3,"Mérida, Yucatán"
Fiestas Patrias,Ciudad,32180,6,"Mérida, Yucatán"
Verano,Pueblo Mágico,43968,6,"Comitán, Chiapas"
Fin de año,Ciudad,10551,4,"Cancún, Quintana Roo"
Verano,Ciudad,34867,1,"Mérida, Yucatán"
Fin de año,Mar,11146,4,"Tulum, Quintana Roo"
Fiestas Patrias,Ciudad,10453,4,Tijuana
Fiestas Patrias,Mar,25265,1,"Mérida, Yucatán"
Fin de año,Ciudad,26903,3,Tijuana
Navidad,Mar,36323,3,"Mérida, Yucatán"
Navidad,Mar,31591,5,"Mérida, Yucatán"
Fiestas Patrias,Pueblo Mágico,32014,2,"Comitán, Chiapas"
Fiestas Patrias,Mar,15364,6,"Mérida, Yucatán"
Navidad,Ciudad,23605,3,"Tulum, Quintana Roo"
Semana Santa,Mar,19611,4,"Tulum, Quintana Roo"
Verano,Pueblo Mágico,22495,6,"Cholula, Puebla"
Fiestas Patrias,Ciudad,8421,4,"Guadalajara, Jalisco"
Fin de año,Mar,36782,4,"Mérida, Yucatán"
Navidad,Ciudad,48014,6,Tijuana
Fiestas Patrias,Mar,29329,5,"Tulum, Quintana Roo"
Fin de año,Mar,36835,3,"Cancún, Quintana Roo"
Fiestas Patrias,Pueblo Mágico,35538,5,"Bernal, Querétaro"
Verano,Pueblo Mágico,15230,3,"San Cristóbal, Chiapas"
Semana Santa,Ciudad,22783,1,"Cancún, Quintana Roo"
Navidad,Pueblo Mágico,31247,4,"Bernal, Querétaro"
Navidad,Ciudad,18586,1,"Mérida, Yucatán"
Fiestas Patrias,Ciudad,23959,2,"Mérida, Yucatán"
Verano,Pueblo Mágico,13847,1,"Bernal, Querétaro"
Verano,Mar,28532,4,"Tulum, Quintana Roo"
Verano,Pueblo Mágico,46073,6,"Bernal, Querétaro"
Semana Santa,Ciudad,49344,6,"Mérida, Yucatán"
Navidad,Ciudad,28935,2,Tijuana
Fin de año,Ciudad,20308,2,"Monterrey, Nuevo León"
Navidad,Pueblo Mágico,21503,2,"San Cristóbal, Chiapas"
Fin de año,Ciudad,19910,1,"Guadalajara, Jalisco"
Fin de año,Ciudad,18011,6,Tijuana
Fin de año,Pueblo Mágico,12166,4,"Comitán, Chiapas"
Navidad,Pueblo Mágico,35802,6,"San Cristóbal, Chiapas"
Fiestas Patrias,Pueblo Mágico,18388,1,"Bernal, Querétaro"
Semana Santa,Ciudad,24360,4,"Cancún, Quintana Roo"
Navidad,Ciudad,32307,1,"Guadalajara, Jalisco"
Fiestas Patrias,Mar,10857,3,"Cancún, Quintana Roo"
Fiestas Patrias,Ciudad,27700,4,"Guadalajara, Jalisco"
Verano,Pueblo Mágico,18822,4,"Cholula, Puebla"
Fin de año,Ciudad,30239,1,CDMX
Navidad,Mar,17272,5,"Cancún, Quintana Roo"
Fin de año,Mar,34740,1,"Cancún, Quintana Roo"
Verano,Ciudad,24119,1,"Cancún, Quintana Roo"
Semana Santa,Ciudad,32773,3,Tijuana
Navidad,Pueblo Mágico,11063,2,"Bernal, Querétaro"
Fin de año,Mar,20804,5,"Mérida, Yucatán"
Fin de año,Ciudad,15123,2,"Mérida, Yucatán"
Fin de año,Pueblo Mágico,8440,1,"San Cristóbal, Chiapas"
Fiestas Patrias,Pueblo Mágico,13648,2,"Bernal, Querétaro"
Fin de año,Mar,30159,3,"Tulum, Quintana Roo"
Fiestas Patrias,Pueblo Mágico,45213,5,"Comitán, Chiapas"
Fiestas Patrias,Mar,16289,6,"Tulum, Quintana Roo"
Fiestas Patrias,Mar,39435,6,"Mérida, Yucatán"
Navidad,Ciudad,12556,4,CDMX
Semana Santa,Ciudad,32862,5,Tijuana
Fin de año,Ciudad,26423,6,"Tulum, Quintana Roo"
Fiestas Patrias,Mar,22945,3,"Tulum, Quintana Roo"
Verano,Ciudad,37257,6,Tijuana
Fiestas Patrias,Pueblo Mágico,36436,6,"Comitán, Chiapas"
Semana Santa,Ciudad,29572,2,Tijuana
Verano,Ciudad,32594,1,CDMX
Fin de año,Pueblo Mágico,35257,4,"San Cristóbal, Chiapas"
Semana Santa,Mar,35848,2,"Tulum, Quintana Roo"
Navidad,Pueblo Mágico,14907,1,"Cholula, Puebla"
Verano,Pueblo Mágico,32897,4,"San Cristóbal, Chiapas"
Verano,Ciudad,11273,4,"Guadalajara, Jalisco"
Verano,Ciudad,37882,2,"Guadalajara, Jalisco"
Verano,Pueblo Mágico,34116,4,"Cholula, Puebla"
Semana Santa,Ciudad,14806,3,"Monterrey, Nuevo León"
Verano,Pueblo Mágico,26046,3,"Cholula, Puebla"
Fiestas Patrias,Pueblo Mágico,22571,1,"San Cristóbal, Chiapas"
Semana Santa,Pueblo Mágico,22301,1,"Comitán, Chiapas"
Navidad,Ciudad,35812,1,"Cancún, Quintana Roo"
Verano,Pueblo Mágico,19203,5,"San Cristóbal, Chiapas"
Fiestas Patrias,Mar,34063,3,"Cancún, Quintana Roo"
Semana Santa,Mar,25487,6,"Mérida, Yucatán"
Fin de año,Mar,37041,3,"Tulum, Quintana Roo"
Fin de año,Pueblo Mágico,39896,2,"Cholula, Puebla"
Semana Santa,Mar,11404,1,"Mérida, Yucatán"
Fin de año,Pueblo Mágico,30598,4,"Cholula, Puebla"
Fiestas Patrias,Pueblo Mágico,33668,1,"Comitán, Chiapas"
Fiestas Patrias,Pueblo Mágico,16380,2,"Cholula, Puebla"
Verano,Ciudad,30560,5,"Guadalajara, Jalisco"
Verano,Ciudad,25753,4,"Mérida, Yucatán"
Fiestas Patrias,Pueblo Mágico,35993,5,"San Cristóbal, Chiapas"
Verano,Pueblo Mágico,14028,3,"San Cristóbal, Chiapas"
Navidad,Mar,31988,4,"Mérida, Yucatán"
Fin de año,Mar,37648,3,"Mérida, Yucatán"
Navidad,Pueblo Mágico,10981,3,"San Cristóbal, Chiapas"
Navidad,Pueblo Mágico,47394,5,"Bernal, Querétaro"
Semana Santa,Pueblo Mágico,49487,5,"Comitán, Chiapas"
Fiestas Patrias,Mar,29740,5,"Mérida, Yucatán"
Verano,Ciudad,15738,5,"Guadalajara, Jalisco"
Navidad,Pueblo Mágico,19825,4,"San Cristóbal, Chiapas"
Fin de año,Mar,41411,5,"Tulum, Quintana Roo"
Verano,Pueblo Mágico,29216,4,"San Cristóbal, Chiapas"
Verano,Mar,45427,6,"Tulum, Quintana Roo"
Navidad,Pueblo Mágico,25538,1,"Comitán, Chiapas"
Navidad,Pueblo Mágico,26808,5,"San Cristóbal, Chiapas"
Semana Santa,Mar,29637,5,"Mérida, Yucatán"
Fiestas Patrias,Ciudad,29951,3,CDMX
Fin de año,Mar,14233,3,"Mérida, Yucatán"
Fiestas Patrias,Mar,36034,3,"Tulum, Quintana Roo"
Fiestas Patrias,Mar,17496,1,"Tulum, Quintana Roo"
Verano,Pueblo Mágico,31614,6,"San Cristóbal, Chiapas"
Navidad,Ciudad,23588,1,Tijuana
Fin de año,Pueblo Mágico,24770,6,"Cholula, Puebla"
Semana Santa,Ciudad,34603,3,"Monterrey, Nuevo León"
Semana Santa,Pueblo Mágico,22035,3,"Cholula, Puebla"
Fin de año,Pueblo Mágico,26991,2,"Comitán, Chiapas"
Verano,Ciudad,35776,6,"Cancún, Quintana Roo"
Semana Santa,Mar,39236,2,"Cancún, Quintana Roo"
Fin de año,Pueblo Mágico,24321,4,"Bernal, Querétaro"
Semana Santa,Mar,21399,5,"Tulum, Quintana Roo"
Verano,Pueblo Mágico,16412,1,"Comitán, Chiapas"
Verano,Pueblo Mágico,33967,3,"Cholula, Puebla"
Semana Santa,Pueblo Mágico,18909,4,"Comitán, Chiapas"
Fin de año,Mar,31618,4,"Mérida, Yucatán"
Navidad,Pueblo Mágico,9858,4,"Bernal, Querétaro"
Semana Santa,Pueblo Mágico,15453,6,"San Cristóbal, Chiapas"
Verano,Mar,24325,2,"Tulum, Quintana Roo"
Navidad,Pueblo Mágico,25204,2,"San Cristóbal, Chiapas"
Verano,Pueblo Mágico,9293,1,"Comitán, Chiapas"
Navidad,Mar,35547,4,"Mérida, Yucatán"
Semana Santa,Pueblo Mágico,24969,2,"Cholula, Puebla"
Verano,Ciudad,18600,2,"Monterrey, Nuevo León"
Navidad,Pueblo Mágico,46240,5,"Comitán, Chiapas"
Semana Santa,Mar,25161,5,"Cancún, Quintana Roo"
Fiestas Patrias,Ciudad,24633,6,CDMX
Navidad,Pueblo Mágico,16372,3,"San Cristóbal, Chiapas"
Semana Santa,Mar,30955,1,"Tulum, Quintana Roo"
Verano,Ciudad,19398,5,CDMX
Fin de año,Mar,28579,4,"Cancún, Quintana Roo"
Semana Santa,Mar,44081,6,"Cancún, Quintana Roo"
Fiestas Patrias,Mar,23374,6,"Cancún, Quintana Roo"
Semana Santa,Pueblo Mágico,13142,4,"Cholula, Puebla"
Verano,Ciudad,36934,5,"Guadalajara, Jalisco"
Semana Santa,Mar,35289,6,"Mérida, Yucatán"
Semana Santa,Pueblo Mágico,39322,5,"San Cristóbal, Chiapas"
Fin de año,Pueblo Mágico,27840,4,"Cholula, Puebla"
Fiestas Patrias,Mar,33339,6,"Cancún, Quintana Roo"
Semana Santa,Ciudad,27748,3,"Cancún, Quintana Roo"
Navidad,Mar,32382,2,"Cancún, Quintana Roo"
Navidad,Ciudad,17937,3,"Tulum, Quintana Roo"
Fin de año,Mar,22797,5,"Mérida, Yucatán"
Verano,Pueblo Mágico,28353,4,"Comitán, Chiapas"
Fin de año,Ciudad,23605,1,"Guadalajara, Jalisco"
Navidad,Mar,11686,4,"Tulum, Quintana Roo"
Fiestas Patrias,Pueblo Mágico,18039,5,"Cholula, Puebla"
Navidad,Ciudad,25701,2,"Guadalajara, Jalisco"
Navidad,Ciudad,30319,1,"Tulum, Quintana Roo"
Semana Santa,Pueblo Mágico,28038,5,"San Cristóbal, Chiapas"
Fin de año,Pueblo Mágico,18178,5,"Cholula, Puebla"
Verano,Mar,14968,4,"Cancún, Quintana Roo"
Semana Santa,Mar,17468,5,"Mérida, Yucatán"
Fin de año,Pueblo Mágico,31869,1,"Comitán, Chiapas"
Fin de año,Mar,32206,5,"Mérida, Yucatán"
Verano,Pueblo Mágico,26710,1,"Bernal, Querétaro"
Semana Santa,Mar,35429,4,"Tulum, Quintana Roo"
Fiestas Patrias,Ciudad,12723,1,"Tulum, Quintana Roo"
Navidad,Mar,33184,5,"Tulum, Quintana Roo"
Navidad,Ciudad,14466,4,"Tulum, Quintana Roo"
Fin de año,Pueblo Mágico,33854,1,"Cholula, Puebla"
Navidad,Mar,27884,6,"Tulum, Quintana Roo"
Fiestas Patrias,Mar,25705,2,"Tulum, Quintana Roo"
Fiestas Patrias,Ciudad,27056,2,"Cancún, Quintana Roo"
Verano,Pueblo Mágico,33372,5,"San Cristóbal, Chiapas"
Navidad,Ciudad,14727,5,"Mérida, Yucatán"
Fiestas Patrias,Pueblo Mágico,38128,2,"Bernal, Querétaro"
Navidad,Ciudad,12383,1,"Mérida, Yucatán"
Navidad,Mar,27664,1,"Mérida, Yucatán"
Navidad,Mar,40266,6,"Mérida, Yucatán"
Fin de año,Pueblo Mágico,8315,3,"Cholula, Puebla"
Verano,Mar,20286,2,"Cancún, Quintana Roo"
Navidad,Pueblo Mágico,39029,6,"Bernal, Querétaro"
Navidad,Mar,35013,5,"Tulum, Quintana Roo"
Navidad,Ciudad,49678,6,Tijuana
Verano,Pueblo Mágico,19780,1,"Bernal, Querétaro"
Semana Santa,Ciudad,15768,1,"Guadalajara, Jalisco"
Navidad,Mar,33430,6,"Mérida, Yucatán"
Semana Santa,Mar,15088,2,"Mérida, Yucatán"
Fin de año,Ciudad,20808,3,"Tulum, Quintana Roo"
Fiestas Patrias,Pueblo Mágico,37412,5,"Cholula, Puebla"
Fiestas Patrias,Pueblo Mágico,30027,3,"Comitán, Chiapas"
Navidad,Ciudad,36369,1,"Tulum, Quintana Roo"
Fin de año,Ciudad,8948,1,Tijuana
Semana Santa,Ciudad,13933,1,Tijuana
Fin de año,Pueblo Mágico,34122,1,"Cholula, Puebla"
Fiestas Patrias,Ciudad,30314,5,"Mérida, Yucatán"
Verano,Ciudad,15316,4,"Monterrey, Nuevo León"
Fiestas Patrias,Pueblo Mágico,28610,5,"Bernal, Querétaro"
Fin de año,Ciudad,19263,2,"Guadalajara, Jalisco"
Fiestas Patrias,Pueblo Mágico,22569,3,"Comitán, Chiapas"
Fin de año,Pueblo Mágico,15711,4,"Bernal, Querétaro"
Navidad,Ciudad,47969,6,Tijuana
Semana Santa,Ciudad,17030,1,"Guadalajara, Jalisco"
Semana Santa,Mar,9392,2,"Mérida, Yucatán"
Semana Santa,Pueblo Mágico,18325,2,"Comitán, Chiapas"
Fiestas Patrias,Ciudad,15188,4,"Tulum, Quintana Roo"
Navidad,Mar,41351,6,"Tulum, Quintana Roo"
Fiestas Patrias,Ciudad,22192,2,CDMX
Fiestas Patrias,Ciudad,9657,2,CDMX
Verano,Pueblo Mágico,48344,5,"Comitán, Chiapas"
Semana Santa,Mar,30890,5,"Tulum, Quintana Roo"
Verano,Pueblo Mágico,39062,2,"San Cristóbal, Chiapas"
Verano,Mar,20257,2,"Mérida, Yucatán"
Semana Santa,Ciudad,18826,2,"Cancún, Quintana Roo"
Fin de año,Pueblo Mágico,39829,2,"Comitán, Chiapas"
Navidad,Ciudad,36624,5,"Guadalajara, Jalisco"
Verano,Mar,30657,4,"Mérida, Yucatán"
Verano,Pueblo Mágico,14365,1,"Comitán, Chiapas"
Navidad,Ciudad,35866,1,"Cancún, Quintana Roo"
Fin de año,Mar,31780,4,"Tulum, Quintana Roo"
Semana Santa,Pueblo Mágico,35773,2,"Bernal, Querétaro"
Navidad,Pueblo Mágico,30314,1,"San Cristóbal, Chiapas"
Fiestas Patrias,Mar,27677,1,"Tulum, Quintana Roo"
Navidad,Pueblo Mágico,10325,4,"San Cristóbal, Chiapas"
Verano,Pueblo Mágico,33987,4,"Comitán, Chiapas"
Navidad,Ciudad,19212,6,"Mérida, Yucatán"
Fin de año,Mar,23135,3,"Mérida, Yucatán"
Navidad,Pueblo Mágico,12630,1,"Bernal, Querétaro"
Navidad,Ciudad,19310,6,Tijuana
Semana Santa,Ciudad,28611,5,"Mérida, Yucatán"
Fin de año,Ciudad,49814,6,CDMX
Semana Santa,Mar,37054,2,"Cancún, Quintana Roo"
Verano,Ciudad,37766,3,"Guadalajara, Jalisco"
Semana Santa,Mar,10675,3,"Cancún, Quintana Roo"
Semana Santa,Mar,12033,1,"Mérida, Yucatán"
Navidad,Ciudad,25814,4,"Tulum, Quintana Roo"
Verano,Pueblo Mágico,34235,3,"Cholula, Puebla"
Semana Santa,Ciudad,39641,4,"Mérida, Yucatán"
Navidad,Mar,42245,5,"Mérida, Yucatán"
Navidad,Pueblo Mágico,41903,6,"Bernal, Querétaro"
Verano,Pueblo Mágico,34895,1,"Bernal, Querétaro"
Fin de año,Mar,26930,4,"Cancún, Quintana Roo"
Navidad,Mar,19357,4,"Tulum, Quintana Roo"
Verano,Mar,37382,3,"Tulum, Quintana Roo"
Semana Santa,Mar,39138,2,"Mérida, Yucatán"
Verano,Mar,21702,3,"Tulum, Quintana Roo"
Verano,Ciudad,30048,3,"Mérida, Yucatán"
Navidad,Mar,27732,3,"Tulum, Quintana Roo"
Fin de año,Mar,17048,5,"Tulum, Quintana Roo"
Verano,Pueblo Mágico,26650,5,"San Cristóbal, Chiapas"
Fiestas Patrias,Pueblo Mágico,36542,3,"Bernal, Querétaro"
Fiestas Patrias,Ciudad,27631,1,"Monterrey, Nuevo León"
Fin de año,Ciudad,36988,2,"Guadalajara, Jalisco"
Verano,Pueblo Mágico,39341,1,"Cholula, Puebla"
Semana Santa,Pueblo Mágico,38311,4,"Cholula, Puebla"
Fiestas Patrias,Pueblo Mágico,8227,4,"Comitán, Chiapas"
Verano,Mar,35601,2,"Mérida, Yucatán"
Fiestas Patrias,Mar,21691,1,"Mérida, Yucatán"
Fiestas Patrias,Mar,38834,2,"Tulum, Quintana Roo"
Navidad,Ciudad,9714,1,"Tulum, Quintana Roo"
Semana Santa,Mar,12633,4,"Tulum, Quintana Roo"
Verano,Mar,18934,2,"Cancún, Quintana Roo"
Navidad,Pueblo Mágico,12628,3,"Comitán, Chiapas"
Semana Santa,Ciudad,39733,4,Tijuana
Fin de año,Ciudad,23275,2,"Tulum, Quintana Roo"
Fin de año,Mar,36203,5,"Mérida, Yucatán"
Semana Santa,Mar,8921,3,"Tulum, Quintana Roo"
Semana Santa,Mar,14186,6,"Mérida, Yucatán"
Fiestas Patrias,Mar,16089,3,"Cancún, Quintana Roo"
Verano,Pueblo Mágico,30773,4,"Comitán, Chiapas"
Verano,Ciudad,26288,3,"Monterrey, Nuevo León"
Fin de año,Ciudad,31541,1,"Tulum, Quintana Roo"
Fin de año,Ciudad,32956,6,"Monterrey, Nuevo León"
Fin de año,Ciudad,30296,3,CDMX
Fiestas Patrias,Ciudad,27235,6,"Guadalajara, Jalisco"
Navidad,Mar,18133,6,"Mérida, Yucatán"
Fiestas Patrias,Ciudad,36721,4,"Monterrey, Nuevo León"
Fiestas Patrias,Pueblo Mágico,43739,5,"Bernal, Querétaro"
Fin de año,Pueblo Mágico,16372,6,"San Cristóbal, Chiapas"
Fin de año,Ciudad,22353,1,CDMX
Navidad,Pueblo Mágico,40334,5,"Cholula, Puebla"
Fiestas Patrias,Mar,25683,1,"Mérida, Yucatán"
Verano,Mar,15822,1,"Tulum, Quintana Roo"
Verano,Mar,32430,6,"Mérida, Yucatán"
Navidad,Pueblo Mágico,19702,4,"Bernal, Querétaro"
Semana Santa,Pueblo Mágico,33765,4,"Cholula, Puebla"
Semana Santa,Pueblo Mágico,38770,6,"San Cristóbal, Chiapas"
Verano,Ciudad,28592,3,"Mérida, Yucatán"
Fiestas Patrias,Mar,38613,1,"Cancún, Quintana Roo"
Verano,Mar,18597,4,"Tulum, Quintana Roo"
Fiestas Patrias,Ciudad,47142,6,CDMX
Fiestas Patrias,Ciudad,14781,5,"Mérida, Yucatán"
Verano,Pueblo Mágico,49883,5,"San Cristóbal, Chiapas"
Fin de año,Mar,10875,3,"Tulum, Quintana Roo"
Fin de año,Pueblo Mágico,26335,5,"Bernal, Querétaro"
Fiestas Patrias,Pueblo Mágico,18931,3,"Comitán, Chiapas"
Semana Santa,Ciudad,43186,6,"Guadalajara, Jalisco"
Semana Santa,Mar,33158,1,"Tulum, Quintana Roo"
Fiestas Patrias,Pueblo Mágico,48421,6,"Bernal, Querétaro"
Verano,Mar,30185,5,"Tulum, Quintana Roo"
Navidad,Ciudad,16314,1,"Monterrey, Nuevo León"
Semana Santa,Ciudad,28271,4,CDMX
Verano,Mar,32107,5,"Cancún, Quintana Roo"
Verano,Mar,12711,2,"Cancún, Quintana Roo"
Fin de año,Pueblo Mágico,35022,3,"Cholula, Puebla"
Verano,Pueblo Mágico,13387,1,"Bernal, Querétaro"
Navidad,Pueblo Mágico,27760,6,"San Cristóbal, Chiapas"
Fin de año,Ciudad,35012,3,"Mérida, Yucatán"
Semana Santa,Pueblo Mágico,48115,6,"San Cristóbal, Chiapas"
Fiestas Patrias,Mar,15649,3,"Mérida, Yucatán"
Navidad,Mar,16993,4,"Tulum, Quintana Roo"
Verano,Mar,12850,4,"Cancún, Quintana Roo"
Fiestas Patrias,Mar,27040,4,"Tulum, Quintana Roo"
Verano,Ciudad,27425,4,"Cancún, Quintana Roo"
Navidad,Ciudad,37334,2,"Guadalajara, Jalisco"
Verano,Pueblo Mágico,32221,1,"Comitán, Chiapas"
Fin de año,Pueblo Mágico,23365,2,"Comitán, Chiapas"
Navidad,Mar,36466,5,"Tulum, Quintana Roo"
Verano,Ciudad,38887,3,"Monterrey, Nuevo León"
Navidad,Mar,39983,5,"Mérida, Yucatán"
Verano,Pueblo Mágico,14161,5,"San Cristóbal, Chiapas"
Verano,Pueblo Mágico,42838,5,"Cholula, Puebla"
Verano,Mar,31097,5,"Mérida, Yucatán"
Verano,Mar,15861,4,"Cancún, Quintana Roo"
Fiestas Patrias,Mar,49389,6,"Tulum, Quintana Roo"
Verano,Mar,11326,2,"Tulum, Quintana Roo"
Navidad,Pueblo Mágico,23391,4,"Cholula, Puebla"
Fiestas Patrias,Pueblo Mágico,22220,2,"Comitán, Chiapas"
Navidad,Pueblo Mágico,18524,6,"Comitán, Chiapas"
Semana Santa,Ciudad,12143,2,CDMX
Fiestas Patrias,Mar,18497,3,"Tulum, Quintana Roo"
Fin de año,Pueblo Mágico,18645,2,"Comitán, Chiapas"
Navidad,Mar,30940,3,"Mérida, Yucatán"
Fiestas Patrias,Ciudad,23156,3,"Guadalajara, Jalisco"
Verano,Mar,26496,4,"Tulum, Quintana Roo"
Semana Santa,Pueblo Mágico,29923,6,"San Cristóbal, Chiapas"
Navidad,Pueblo Mágico,31853,6,"Comitán, Chiapas"
Verano,Ciudad,32529,6,Tijuana
Fin de año,Ciudad,45070,5,Tijuana
Fin de año,Pueblo Mágico,34866,3,"Bernal, Querétaro"
Fin de año,Ciudad,15042,1,"Tulum, Quintana Roo"
Fin de año,Mar,13925,4,"Mérida, Yucatán"
Semana Santa,Ciudad,31106,3,"Cancún, Quintana Roo"
Verano,Mar,17713,1,"Tulum, Quintana Roo"
Verano,Mar,40162,6,"Mérida, Yucatán"
Navidad,Ciudad,11161,4,"Mérida, Yucatán"
Fin de año,Pueblo Mágico,17668,2,"Comitán, Chiapas"
Fin de año,Mar,25962,5,"Cancún, Quintana Roo"
Semana Santa,Ciudad,25478,3,"Cancún, Quintana Roo"
Fiestas Patrias,Pueblo Mágico,22844,4,"Comitán, Chiapas"
Verano,Pueblo Mágico,34303,1,"Cholula, Puebla"
Verano,Mar,41497,6,"Tulum, Quintana Roo"
Verano,Ciudad,30566,2,Tijuana
Verano,Mar,15644,4,"Cancún, Quintana Roo"
Semana Santa,Ciudad,14427,5,Tijuana
Fiestas Patrias,Pueblo Mágico,33541,2,"Cholula, Puebla"
Fiestas Patrias,Pueblo Mágico,47781,6,"Comitán, Chiapas"
Fiestas Patrias,Mar,26040,2,"Cancún, Quintana Roo"
Fiestas Patrias,Mar,22044,6,"Cancún, Quintana Roo"
Navidad,Ciudad,8010,3,"Guadalajara, Jalisco"
Semana Santa,Ciudad,42332,6,"Monterrey, Nuevo León"
Fin de año,Ciudad,37495,6,"Cancún, Quintana Roo"
Semana Santa,Mar,28274,1,"Tulum, Quintana Roo"
Navidad,Mar,12052,4,"Mérida, Yucatán"
Navidad,Mar,17459,4,"Tulum, Quintana Roo"
Navidad,Pueblo Mágico,12272,4,"Bernal, Querétaro"
Fiestas Patrias,Ciudad,17604,3,"Mérida, Yucatán"
Fin de año,Mar,28988,5,"Mérida, Yucatán"
Verano,Mar,28481,4,"Cancún, Quintana Roo"
Navidad,Ciudad,28398,6,"Monterrey, Nuevo León"
Semana Santa,Pueblo Mágico,30347,1,"Cholula, Puebla"
Navidad,Mar,11426,1,"Mérida, Yucatán"
Fin de año,Ciudad,38854,5,"Guadalajara, Jalisco"
Fiestas Patrias,Mar,34256,4,"Cancún, Quintana Roo"
Navidad,Pueblo Mágico,32531,1,"San Cristóbal, Chiapas"
Semana Santa,Ciudad,31047,3,Tijuana
Fiestas Patrias,Mar,47471,6,"Cancún, Quintana Roo"
Semana Santa,Ciudad,32203,4,Tijuana
Verano,Ciudad,36416,2,"Guadalajara, Jalisco"
Navidad,Mar,30542,2,"Tulum, Quintana Roo"
Fiestas Patrias,Pueblo Mágico,47547,5,"Cholula, Puebla"
Semana Santa,Mar,36762,4,"Tulum, Quintana Roo"
Navidad,Ciudad,19777,3,CDMX
Semana Santa,Pueblo Mágico,38641,4,"San Cristóbal, Chiapas"
Fiestas Patrias,Mar,24026,1,"Tulum, Quintana Roo"
Semana Santa,Pueblo Mágico,39725,5,"Bernal, Querétaro"
Semana Santa,Mar,28369,1,"Tulum, Quintana Roo"
Fin de año,Pueblo Mágico,31679,3,"Cholula, Puebla"
Fin de año,Pueblo Mágico,14715,4,"Cholula, Puebla"
Verano,Pueblo Mágico,19936,4,"Bernal, Querétaro"
Semana Santa,Mar,20009,3,"Mérida, Yucatán"
Fin de año,Ciudad,48048,6,CDMX
Fin de año,Ciudad,40477,5,CDMX
Fin de año,Ciudad,48783,6,Tijuana
Verano,Pueblo Mágico,14511,1,"Cholula, Puebla"
Verano,Pueblo Mágico,15648,6,"Bernal, Querétaro"
Verano,Mar,45599,5,"Cancún, Quintana Roo"
Navidad,Ciudad,14940,4,"Guadalajara, Jalisco"
Navidad,Pueblo Mágico,12535,2,"Cholula, Puebla"
Fiestas Patrias,Pueblo Mágico,20354,1,"Cholula, Puebla"
Fiestas Patrias,Ciudad,13928,2,"Tulum, Quintana Roo"
Fiestas Patrias,Pueblo Mágico,32092,6,"Cholula, Puebla"
Navidad,Ciudad,32029,1,"Cancún, Quintana Roo"
Fin de año,Mar,43684,6,"Tulum, Quintana Roo"
Fiestas Patrias,Mar,38559,1,"Cancún, Quintana Roo"
Verano,Ciudad,17835,3,Tijuana
Fiestas Patrias,Ciudad,21191,6,Tijuana
Navidad,Pueblo Mágico,16913,3,"Cholula, Puebla"
Verano,Mar,39346,2,"Cancún, Quintana Roo"
Semana Santa,Pueblo Mágico,8973,1,"Comitán, Chiapas"
Fin de año,Pueblo Mágico,8373,3,"Comitán, Chiapas"
Fiestas Patrias,Ciudad,16169,1,"Cancún, Quintana Roo"
Fin de año,Pueblo Mágico,18401,2,"Comitán, Chiapas"
Fiestas Patrias,Pueblo Mágico,23229,6,"Bernal, Querétaro"
Verano,Ciudad,22087,4,"Tulum, Quintana Roo"
Navidad,Pueblo Mágico,14608,2,"Bernal, Querétaro"
Semana Santa,Pueblo Mágico,14071,4,"San Cristóbal, Chiapas"
Navidad,Mar,24306,1,"Mérida, Yucatán"
Navidad,Pueblo Mágico,16182,5,"San Cristóbal, Chiapas"
Semana Santa,Mar,25463,3,"Tulum, Quintana Roo"
Fin de año,Mar,24662,5,"Cancún, Quintana Roo"
Fin de año,Mar,21036,2,"Cancún, Quintana Roo"
Semana Santa,Ciudad,36930,5,Tijuana
Fin de año,Ciudad,23696,3,CDMX
Fin de año,Mar,32595,6,"Mérida, Yucatán"
Verano,Ciudad,39192,4,CDMX
Semana Santa,Mar,35223,5,"Cancún, Quintana Roo"
Fiestas Patrias,Ciudad,39087,3,CDMX
Semana Santa,Ciudad,34260,1,"Cancún, Quintana Roo"
Semana Santa,Pueblo Mágico,21704,3,"Bernal, Querétaro"
Fiestas Patrias,Ciudad,30225,1,Tijuana
Semana Santa,Pueblo Mágico,28083,6,"Comitán, Chiapas"
Verano,Mar,37815,4,"Tulum, Quintana Roo"
Verano,Mar,35205,4,"Mérida, Yucatán"
Verano,Pueblo Mágico,33214,5,"San Cristóbal, Chiapas"
Navidad,Pueblo Mágico,8831,3,"Bernal, Querétaro"
Navidad,Ciudad,42443,6,Tijuana
Semana Santa,Pueblo Mágico,22396,4,"Bernal, Querétaro"
Semana Santa,Pueblo Mágico,38460,1,"Cholula, Puebla"
Semana Santa,Mar,13180,3,"Tulum, Quintana Roo"
Navidad,Ciudad,30140,5,"Tulum, Quintana Roo"
Semana Santa,Ciudad,11110,1,"Guadalajara, Jalisco"
Verano,Pueblo Mágico,29365,4,"Bernal, Querétaro"
Verano,Ciudad,20388,5,"Cancún, Quintana Roo"
Fiestas Patrias,Pueblo Mágico,8336,1,"Cholula, Puebla"
Navidad,Pueblo Mágico,42107,5,"Comitán, Chiapas"
Fin de año,Mar,18607,2,"Tulum, Quintana Roo"
Navidad,Pueblo Mágico,39221,5,"San Cristóbal, Chiapas"
Semana Santa,Mar,20609,4,"Tulum, Quintana Roo"
Fiestas Patrias,Mar,40916,5,"Mérida, Yucatán"
Semana Santa,Ciudad,35495,3,"Cancún, Quintana Roo"
Navidad,Pueblo Mágico,27916,3,"Cholula, Puebla"
Verano,Pueblo Mágico,29553,3,"San Cristóbal, Chiapas"
Navidad,Ciudad,35341,4,CDMX
Fin de año,Pueblo Mágico,9151,4,"San Cristóbal, Chiapas"
Fin de año,Ciudad,40418,6,"Mérida, Yucatán"
Fin de año,Ciudad,17200,3,"Monterrey, Nuevo León"
Fin de año,Ciudad,32711,1,"Tulum, Quintana Roo"
Fiestas Patrias,Ciudad,33687,5,"Tulum, Quintana Roo"
Fiestas Patrias,Mar,19522,6,"Mérida, Yucatán"
Fin de año,Ciudad,32078,2,CDMX
Semana Santa,Mar,34152,6,"Mérida, Yucatán"
Verano,Mar,40990,5,"Mérida, Yucatán"
Navidad,Mar,12699,3,"Tulum, Quintana Roo"
Semana Santa,Mar,26212,2,"Tulum, Quintana Roo"
Verano,Mar,13014,1,"Mérida, Yucatán"
Verano,Ciudad,47991,5,"Guadalajara, Jalisco"
Verano,Mar,13888,4,"Cancún, Quintana Roo"
Semana Santa,Pueblo Mágico,48438,6,"Comitán, Chiapas"
Semana Santa,Ciudad,35559,3,Tijuana
Fiestas Patrias,Mar,31280,4,"Tulum, Quintana Roo"
Fin de año,Pueblo Mágico,46469,6,"San Cristóbal, Chiapas"
Verano,Ciudad,24742,5,"Cancún, Quintana Roo"
Semana Santa,Pueblo Mágico,8687,3,"San Cristóbal, Chiapas"
Navidad,Mar,21890,3,"Cancún, Quintana Roo"
Fin de año,Mar,14748,6,"Cancún, Quintana Roo"
Semana Santa,Mar,19500,6,"Tulum, Quintana Roo"
Verano,Ciudad,37017,2,"Cancún, Quintana Roo"
Fiestas Patrias,Pueblo Mágico,47988,5,"Bernal, Querétaro"
Fin de año,Mar,23078,4,"Cancún, Quintana Roo"
Verano,Mar,23213,3,"Cancún, Quintana Roo"
Fin de año,Pueblo Mágico,17999,4,"San Cristóbal, Chiapas"
Semana Santa,Mar,30528,4,"Mérida, Yucatán"
Semana Santa,Pueblo Mágico,42226,5,"Cholula, Puebla"
Navidad,Pueblo Mágico,36853,2,"Cholula, Puebla"
Verano,Pueblo Mágico,22160,2,"Bernal, Querétaro"
Fiestas Patrias,Mar,47171,5,"Mérida, Yucatán"
Fin de año,Mar,26896,2,"Mérida, Yucatán"
Fiestas Patrias,Pueblo Mágico,37024,2,"Bernal, Querétaro"
Fin de año,Mar,11598,1,"Tulum, Quintana Roo"
Fin de año,Mar,12034,3,"Tulum, Quintana Roo"
Navidad,Pueblo Mágico,35221,3,"San Cristóbal, Chiapas"
